1,google.com
2,facebook.com
3,youtube.com
4,yahoo.com
5,live.com
6,baidu.com
7,wikipedia.org
8,blogger.com
9,msn.com
10,twitter.com
11,qq.com
12,yahoo.co.jp
13,google.co.in
14,taobao.com
15,amazon.com
16,sina.com.cn
17,google.de
18,google.com.hk
19,wordpress.com
20,google.co.uk
21,ebay.com
22,bing.com
23,google.fr
24,microsoft.com
25,yandex.ru
26,linkedin.com
27,163.com
28,google.co.jp
29,myspace.com
30,google.com.br
31,craigslist.org
32,fc2.com
33,conduit.com
34,mail.ru
35,flickr.com
36,google.it
37,imdb.com
38,vkontakte.ru
39,googleusercontent.com
40,google.es
41,sohu.com
42,livejasmin.com
43,apple.com
44,soso.com
45,bbc.co.uk
46,rapidshare.com
47,aol.com
48,youku.com
49,go.com
50,ask.com
51,doubleclick.com
52,paypal.com
53,google.com.mx
54,google.ru
55,xvideos.com
56,google.ca
57,pornhub.com
58,adobe.com
59,mozilla.com
60,cnn.com
61,mediafire.com
62,orkut.com.br
63,bp.blogspot.com
64,hotfile.com
65,tudou.com
66,xhamster.com
67,sogou.com
68,youporn.com
69,4shared.com
70,about.com
71,livejournal.com
72,megaupload.com
73,ebay.de
74,ameblo.jp
75,google.co.id
76,cnet.com
77,orkut.com
78,espn.go.com
79,rakuten.co.jp
80,megavideo.com
81,google.com.tr
82,google.com.au
83,hao123.com
84,photobucket.com
85,imageshack.us
86,uol.com.br
87,livedoor.com
88,google.cn
89,ifeng.com
90,thepiratebay.org
91,google.pl
92,orkut.co.in
93,alibaba.com
94,nytimes.com
95,ebay.co.uk
96,tube8.com
97,twitpic.com
98,amazon.de
99,google.com.sa
100,godaddy.com
101,tianya.cn
102,odnoklassniki.ru
103,yieldmanager.com
104,cpxinteractive.com
105,mixi.jp
106,renren.com
107,dailymotion.com
108,globo.com
109,taringa.net
110,optmd.com
111,xtendmedia.com
112,google.nl
113,digg.com
114,hi5.com
115,deviantart.com
116,ezinearticles.com
117,kaixin001.com
118,redtube.com
119,cnzz.com
120,goo.ne.jp
121,netflix.com
122,ku6.com
123,tumblr.com
124,ehow.com
125,zedo.com
126,aweber.com
127,amazon.co.jp
128,mywebsearch.com
129,rediff.com
130,spiegel.de
131,xnxx.com
132,filestube.com
133,weather.com
134,clicksor.com
135,google.com.ar
136,wordpress.org
137,google.co.th
138,sourceforge.net
139,google.com.eg
140,chinaz.com
141,amazon.co.uk
142,partypoker.com
143,xunlei.com
144,bankofamerica.com
145,answers.com
146,zynga.com
147,rambler.ru
148,huffingtonpost.com
149,nicovideo.jp
150,google.co.za
151,angege.com
152,google.com.pk
153,badoo.com
154,secureserver.net
155,bit.ly
156,youjizz.com
157,download.com
158,torrentz.com
159,ning.com
160,addthis.com
161,wretch.cc
162,depositfiles.com
163,maktoob.com
164,vk.com
165,adultfriendfinder.com
166,terra.com.br
167,free.fr
168,chase.com
169,indiatimes.com
170,onet.pl
171,statcounter.com
172,bild.de
173,stumbleupon.com
174,douban.com
175,files.wordpress.com
176,alipay.com
177,vimeo.com
178,blogfa.com
179,gmx.net
180,nk.pl
181,xinhuanet.com
182,56.com
183,hubpages.com
184,fastclick.com
185,typepad.com
186,comcast.net
187,digitalpoint.com
188,118114.cn
189,domaintools.com
190,dell.com
191,wikimedia.org
192,orange.fr
193,archive.org
194,dailymail.co.uk
195,reference.com
196,wikia.com
197,google.be
198,ameba.jp
199,mybrowserbar.com
200,hp.com
201,nifty.com
202,web.de
203,tagged.com
204,2ch.net
205,tinypic.com
206,google.co.ve
207,clickbank.com
208,allegro.pl
209,fileserve.com
210,gougou.com
211,squidoo.com
212,metacafe.com
213,zol.com.cn
214,people.com.cn
215,pconline.com.cn
216,xing.com
217,isohunt.com
218,cricinfo.com
219,libero.it
220,xvideoslive.com
221,wp.pl
222,guardian.co.uk
223,foxnews.com
224,hulu.com
225,fbcdn.net
226,google.at
227,google.com.vn
228,google.com.co
229,soufun.com
230,leboncoin.fr
231,biglobe.ne.jp
232,mop.com
233,istockphoto.com
234,skype.com
235,wsj.com
236,liveinternet.ru
237,google.gr
238,google.com.my
239,google.se
240,naver.com
241,imagevenue.com
242,walmart.com
243,51.la
244,telegraph.co.uk
245,amazonaws.com
246,hatena.ne.jp
247,youdao.com
248,soku.com
249,netlog.com
250,opendns.com
251,scribd.com
252,4399.com
253,gamespot.com
254,yelp.com
255,fastbrowsersearch.com
256,ign.com
257,spankwire.com
258,kaskus.us
259,126.com
260,tweetphoto.com
261,ucoz.ru
262,joomla.org
263,google.ch
264,mashable.com
265,booking.com
266,linkbucks.com
267,360buy.com
268,58.com
269,rutracker.org
270,z5x.net
271,tripadvisor.com
272,mozilla.org
273,uimserv.net
274,google.ro
275,icio.us
276,ig.com.br
277,reddit.com
278,google.com.ua
279,hardsextube.com
280,cj.com
281,narod.ru
282,mlb.com
283,vnexpress.net
284,w3schools.com
285,leo.org
286,seznam.cz
287,match.com
288,softonic.com
289,infoseek.co.jp
290,google.com.pe
291,ikea.com
292,csdn.net
293,geocities.jp
294,usps.com
295,marca.com
296,brothersoft.com
297,sakura.ne.jp
298,salesforce.com
299,keezmovies.com
300,love21cn.com
301,megaporn.com
302,google.pt
303,admagnet.net
304,adultadworld.com
305,mapquest.com
306,google.com.ph
307,plentyoffish.com
308,google.cl
309,t-online.de
310,ups.com
311,pornhublive.com
312,it168.com
313,etsy.com
314,hyves.nl
315,repubblica.it
316,in.com
317,techcrunch.com
318,avg.com
319,tnaflix.com
320,att.com
321,babylon.com
322,multiply.com
323,engadget.com
324,seesaa.net
325,wellsfargo.com
326,tom.com
327,reuters.com
328,lzjl.com
329,stackoverflow.com
330,thefreedictionary.com
331,ebay.it
332,dmm.co.jp
333,kakaku.com
334,51.com
335,target.com
336,slideshare.net
337,expedia.com
338,360.cn
339,yesky.com
340,rr.com
341,constantcontact.com
342,bestbuy.com
343,bigpoint.com
344,onetad.com
345,softpedia.com
346,hostgator.com
347,51job.com
348,ganji.com
349,commentcamarche.net
350,google.com.tw
351,daum.net
352,kooora.com
353,imgur.com
354,ynet.com
355,articlesbase.com
356,php.net
357,webs.com
358,homeway.com.cn
359,theplanet.com
360,over-blog.com
361,zing.vn
362,studiverzeichnis.com
363,imagebam.com
364,ziddu.com
365,goal.com
366,xe.com
367,washingtonpost.com
368,w3.org
369,traidnt.net
370,tweetmeme.com
371,pchome.net
372,verycd.com
373,virgilio.it
374,pandora.com
375,39.net
376,cam4.com
377,google.com.ng
378,7k7k.com
379,eastmoney.com
380,odesk.com
381,linkwithin.com
382,hudong.com
383,tribalfusion.com
384,uploading.com
385,wordreference.com
386,mihanblog.com
387,google.ae
388,china.com
389,sitesell.com
390,btjunkie.org
391,comcast.com
392,alimama.com
393,autohome.com.cn
394,google.co.hu
395,hurriyet.com.tr
396,tmz.com
397,mercadolivre.com.br
398,google.ie
399,last.fm
400,latimes.com
401,ikariam.com
402,google.dk
403,1133.cc
404,skyrock.com
405,google.com.sg
406,10086.cn
407,pogo.com
408,advmaker.ru
409,paipai.com
410,empflix.com
411,freelancer.com
412,livedoor.biz
413,ocn.ne.jp
414,justin.tv
415,yfrog.com
416,mpnrs.com
417,fedex.com
418,slutload.com
419,feedburner.com
420,newegg.com
421,ebay.com.au
422,formspring.me
423,tuenti.com
424,letitbit.net
425,dmoz.org
426,miniclip.com
427,drudgereport.com
428,veoh.com
429,zimbio.com
430,milliyet.com.tr
431,myegy.com
432,chip.de
433,careerbuilder.com
434,google.fi
435,admin5.com
436,qidian.com
437,usatoday.com
438,tradedoubler.com
439,megaclick.com
440,ebay.fr
441,gizmodo.com
442,corriere.it
443,ero-advertising.com
444,pornhost.com
445,indeed.com
446,meinvz.net
447,neobux.com
448,wer-kennt-wen.de
449,elance.com
450,alot.com
451,naukri.com
452,foxsports.com
453,youjizzlive.com
454,ya.ru
455,verizon.net
456,exblog.jp
457,kickasstorrents.com
458,nih.gov
459,people.com
460,immobilienscout24.de
461,adult-empire.com
462,pcpop.com
463,elmundo.es
464,informer.com
465,google.co.il
466,rbc.ru
467,mynet.com
468,fling.com
469,break.com
470,beemp3.com
471,drupal.org
472,bloomberg.com
473,altervista.org
474,msn.ca
475,way2sms.com
476,nowdownloadall.com
477,farmville.com
478,ppstream.com
479,ibm.com
480,mercadolibre.com.mx
481,lenta.ru
482,examiner.com
483,verizonwireless.com
484,multiupload.com
485,joy.cn
486,warez-bb.org
487,basecamphq.com
488,beeg.com
489,chinanews.com.cn
490,amazon.cn
491,google.no
492,cncmax.cn
493,americanexpress.com
494,disney.go.com
495,radikal.ru
496,gutefrage.net
497,mobile.de
498,cocolog-nifty.com
499,jeuxvideo.com
500,gazeta.pl
501,thesun.co.uk
502,yourfilehost.com
503,gismeteo.ru
504,jugem.jp
505,zhaopin.com
506,excite.co.jp
507,news.com.au
508,enet.com.cn
509,freshwap.net
510,forbes.com
511,sape.ru
512,fotolia.com
513,themeforest.net
514,streamate.com
515,88db.com
516,icbc.com.cn
517,hootsuite.com
518,icq.com
519,dangdang.com
520,atwiki.jp
521,battle.net
522,dantri.com.vn
523,eyny.com
524,surveymonkey.com
525,detik.com
526,wunderground.com
527,so-net.ne.jp
528,abcnews.go.com
529,elpais.com
530,warriorforum.com
531,demonoid.com
532,as.com
533,nu.nl
534,monster.com
535,harrenmedianetwork.com
536,foursquare.com
537,zshare.net
538,duowan.com
539,associatedcontent.com
540,freakshare.net
541,mdinfo.com
542,mafiawars.com
543,shareasale.com
544,time.com
545,brazzers.com
546,nextag.com
547,interia.pl
548,meetup.com
549,wetter.com
550,ustream.tv
551,boston.com
552,tripod.com
553,posterous.com
554,4tube.com
555,blackhatworld.com
556,irctc.co.in
557,trafficholder.com
558,2345.com
559,anonym.to
560,gc.ca
561,mtv.com
562,dtiblog.com
563,huanqiu.com
564,smowtion.com
565,sfr.fr
566,fotolog.net
567,heise.de
568,blackberry.com
569,skycn.com
570,bluehost.com
571,lequipe.fr
572,torrentdownloads.net
573,dianping.com
574,incredimail.com
575,sweetim.com
576,metroflog.com
577,gamefaqs.com
578,xtube.com
579,pornoxo.com
580,imvu.com
581,freeones.com
582,mediaplex.com
583,softlayer.com
584,overstock.com
585,gsmarena.com
586,smashingmagazine.com
587,xici.net
588,tf1.fr
589,sitemeter.com
590,allocine.fr
591,asg.to
592,friendster.com
593,amung.us
594,szgla.com
595,1und1.de
596,onemanga.com
597,asahi.com
598,360doc.com
599,pptv.com
600,seriesyonkis.com
601,who.is
602,shutterstock.com
603,whitepages.com
604,webmasterworld.com
605,37lai.com
606,oneindia.in
607,17173.com
608,onlinedown.net
609,cntv.cn
610,nokia.com
611,dyndns.org
612,kioskea.net
613,naqigs.com
614,musica.com
615,skysports.com
616,marktplaats.nl
617,yaowanv5.com
618,hdfcbank.com
619,nydailynews.com
620,ggpht.com
621,abril.com.br
622,linternaute.com
623,friendfeed.com
624,ibibo.com
625,vmn.net
626,kijiji.ca
627,4chan.org
628,groupon.com
629,yomiuri.co.jp
630,cbssports.com
631,wikihow.com
632,sanook.com
633,suite101.com
634,rian.ru
635,hc360.com
636,wired.com
637,lifehacker.com
638,focus.cn
639,iciba.com
640,google.co.kr
641,sapo.pt
642,priceline.com
643,custhelp.com
644,mercadolibre.com.ar
645,flippa.com
646,advertserve.com
647,verizon.com
648,google.cz
649,vnet.cn
650,perezhilton.com
651,ninemsn.com.au
652,linksynergy.com
653,allrecipes.com
654,histats.com
655,businessweek.com
656,songs.pk
657,kinopoisk.ru
658,komli.com
659,weebly.com
660,samsung.com
661,tabelog.com
662,alice.it
663,nba.com
664,dianxin.cn
665,zanox-affiliate.de
666,weather.com.cn
667,webmd.com
668,earthlink.net
669,sahibinden.com
670,y8.com
671,vancl.com
672,google.co.nz
673,filesonic.com
674,sueddeutsche.de
675,tabnak.ir
676,nfl.com
677,metrolyrics.com
678,pch.com
679,buzzle.com
680,ebuddy.com
681,rtl.de
682,iminent.com
683,filehippo.com
684,xcar.com.cn
685,grepolis.com
686,madthumbs.com
687,google.co.ma
688,exbii.com
689,hotels.com
690,discuz.net
691,gocsgo.com
692,symantec.com
693,extratorrent.com
694,speedtest.net
695,qiyi.com
696,pcworld.com
697,icicibank.com
698,ovh.net
699,ekolay.net
700,dreamstime.com
701,jalan.net
702,sfgate.com
703,gametrailers.com
704,infolinks.com
705,openv.com
706,sulekha.com
707,searchresultsdirect.com
708,cloob.com
709,pagesjaunes.fr
710,compete.com
711,urbandictionary.com
712,6.cn
713,oracle.com
714,mysql.com
715,aolnews.com
716,java.com
717,livescore.com
718,ca.gov
719,zoosk.com
720,pcauto.com.cn
721,getresponse.com
722,marketwatch.com
723,ctrip.com
724,welt.de
725,accuweather.com
726,marketgid.com
727,nate.com
728,realitykings.com
729,aftonbladet.se
730,qip.ru
731,115.com
732,docin.com
733,rottentomatoes.com
734,google.com.kw
735,cpalead.com
736,iwiw.hu
737,sendspace.com
738,unionsky.cn
739,amazon.fr
740,travelocity.com
741,orf.at
742,sougames.com
743,yoka.com
744,yandex.ua
745,jquery.com
746,torrentreactor.net
747,letv.com
748,gamezer.com
749,homedepot.com
750,mediaset.it
751,debonairblog.com
752,smh.com.au
753,templatemonster.com
754,priceminister.com
755,icontact.com
756,opera.com
757,yam.com
758,orbitz.com
759,barnesandnoble.com
760,forumcommunity.net
761,slickdeals.net
762,persianblog.ir
763,xbox.com
764,tinyurl.com
765,ultimate-guitar.com
766,sdo.com
767,kompas.com
768,velmedia.net
769,pixiv.net
770,google.sk
771,habrahabr.ru
772,southwest.com
773,rakuten.ne.jp
774,moneycontrol.com
775,m-w.com
776,bahn.de
777,tutsplus.com
778,mgid.com
779,gap.com
780,bramjnet.com
781,woot.com
782,gotomeeting.com
783,macys.com
784,hoopchina.com
785,howstuffworks.com
786,meebo.com
787,wachovia.com
788,mtime.com
789,ip138.com
790,github.com
791,cbsnews.com
792,mail.com
793,stern.de
794,sky.com
795,zedge.net
796,pixnet.net
797,sanspo.com
798,gazzetta.it
799,sify.com
800,okwave.jp
801,usbank.com
802,hsbc.co.uk
803,ndtv.com
804,kicker.de
805,telegraaf.nl
806,poco.cn
807,nypost.com
808,laredoute.fr
809,okcupid.com
810,sitepoint.com
811,getpersonas.com
812,askmen.com
813,dh818.com
814,backpage.com
815,scriptmafia.org
816,zillow.com
817,deviantclip.com
818,aufeminin.com
819,partypoker.it
820,shufuni.com
821,gawker.com
822,blogcatalog.com
823,clickbank.net
824,payserve.com
825,capitalone.com
826,cnbc.com
827,lemonde.fr
828,timeanddate.com
829,zappos.com
830,mcssl.com
831,shopping.com
832,uploaded.to
833,allabout.co.jp
834,foodnetwork.com
835,mp3raid.com
836,kayak.com
837,bdr130.net
838,adbrite.com
839,cmbchina.com
840,outbrain.com
841,appspot.com
842,haberturk.com
843,newgrounds.com
844,realtor.com
845,gmodules.com
846,19lou.com
847,zaycev.net
848,heroturko.org
849,yaplog.jp
850,focus.de
851,xyxy.net
852,subo.me
853,panoramio.com
854,sxc.hu
855,koubei.com
856,topix.com
857,fatakat.com
858,bitauto.com
859,noaa.gov
860,searchengines.ru
861,teacup.com
862,kx365.com
863,yieldads.com
864,prlog.org
865,citibank.com
866,xhamstercams.com
867,gamer.com.tw
868,55bbs.com
869,badjojo.com
870,sears.com
871,vente-privee.com
872,playstation.com
873,google.com.ly
874,yellowpages.com
875,nasa.gov
876,r10.net
877,imlive.com
878,docstoc.com
879,google.lk
880,infusionsoft.com
881,networksolutions.com
882,kendincos.net
883,blogimg.jp
884,google.bg
885,sharingmatrix.com
886,craigslist.ca
887,ticketmaster.com
888,kino.to
889,bharatstudent.com
890,dict.cc
891,macrumors.com
892,met-art.com
893,auto.ru
894,shinobi.jp
895,npr.org
896,liveperson.net
897,mailchimp.com
898,hattrick.org
899,tiexue.net
900,doctissimo.fr
901,sponichi.co.jp
902,stc.com.sa
903,armorgames.com
904,google.com.qa
905,wiktionary.org
906,novinky.cz
907,easy-share.com
908,jcpenney.com
909,affili.net
910,google.com.ec
911,premierleague.com
912,fishki.net
913,webgozar.com
914,pantip.com
915,impress.co.jp
916,grooveshark.com
917,pixmania.com
918,blogbus.com
919,gumtree.com
920,oyunlar1.com
921,ebay.in
922,namecheap.com
923,soundcloud.com
924,evite.com
925,yimg.com
926,travian.com
927,deezer.com
928,cookpad.com
929,discuss.com.hk
930,pixhost.org
931,retailmenot.com
932,partypoker.fr
933,bodybuilding.com
934,wowhead.com
935,binverse.com
936,pomoho.com
937,shaadi.com
938,zqgame.com
939,baixing.com
940,mangastream.com
941,wikimapia.org
942,technorati.com
943,schuelervz.net
944,intel.com
945,01net.com
946,discovery.com
947,robtex.com
948,allyes.com
949,informharry.com
950,tu.tv
951,demotywatory.pl
952,univision.com
953,dropbox.com
954,ovguide.com
955,addictinggames.com
956,proboards.com
957,uuu9.com
958,ryanair.com
959,delta.com
960,hostmonster.com
961,www.net.cn
962,ilmeteo.it
963,96pk.com
964,1and1.com
965,costco.com
966,kongregate.com
967,linezing.com
968,fiverr.com
969,me.com
970,aljazeera.net
971,24h.com.vn
972,eluniversal.com.mx
973,extremetube.com
974,vox.com
975,cyworld.com
976,blogsky.com
977,china.com.cn
978,mobile9.com
979,iza.ne.jp
980,cracked.com
981,jrj.com.cn
982,ft.com
983,football3.ir
984,dion.ne.jp
985,google.az
986,cox.net
987,idnes.cz
988,5d6d.com
989,m5zn.com
990,awempire.com
991,windowslive.com
992,thefind.com
993,sprint.com
994,privatedns.com
995,oricon.co.jp
996,jappy.de
997,tiscali.it
998,mainichi.jp
999,buzznet.com
1000,turbobit.net